hk19-for-mut_epi-108_NNC, gttgaacgaagcNNCgcctacagcaac
hk19-for-mut_epi-108_NNG, gttgaacgaagcNNGgcctacagcaac
hk19-for-mut_epi-137_NNC, ggcacactggagtttNNCaatgaaagcttcaatt
hk19-for-mut_epi-137_NNG, ggcacactggagtttNNGaatgaaagcttcaatt
hk19-for-mut_epi-144_NNC, gaaagcttcaattggNNCggagtcactcaaaac
hk19-for-mut_epi-144_NNG, gaaagcttcaattggNNGggagtcactcaaaac
hk19-for-mut_epi-147_NNC, gggctggagtcNNCcaaaacggaaaa
hk19-for-mut_epi-147_NNG, gggctggagtcNNGcaaaacggaaaa
hk19-for-mut_epi-151_NNC, gagtcactcaaaacggaNNCagtttttcttgcataag
hk19-for-mut_epi-151_NNG, gagtcactcaaaacggaNNGagtttttcttgcataag
hk19-for-mut_epi-154_NNC, aaaacggaaaaagttttNNCtgcataaggggatctag
hk19-for-mut_epi-154_NNG, aaaacggaaaaagttttNNGtgcataaggggatctag
hk19-for-mut_epi-158_NNC, gaaaaagtttttcttgcataaggNNCtctagtagtagtttctttagtag
hk19-for-mut_epi-158_NNG, gaaaaagtttttcttgcataaggNNGtctagtagtagtttctttagtag
hk19-for-mut_epi-160_NNC, ttcttgcataaggggatctNNCagtagtttctttagtagatt
hk19-for-mut_epi-160_NNG, ttcttgcataaggggatctNNGagtagtttctttagtagatt
hk19-for-mut_epi-175_NNC, gttgacccatttaaacNNCacatatccagcactgaa
hk19-for-mut_epi-175_NNG, gttgacccatttaaacNNGacatatccagcactgaa
hk19-for-mut_epi-176_NNC, acccatttaaactacNNCtatccagcactgaacg
hk19-for-mut_epi-176_NNG, acccatttaaactacNNGtatccagcactgaacg
hk19-for-mut_epi-187_NNC, cgtgactatgccaaacNNCgaacaatttgacaaatt
hk19-for-mut_epi-187_NNG, cgtgactatgccaaacNNGgaacaatttgacaaatt
hk19-for-mut_epi-202_NNC, ttcaccacccgNNCacggacaagga
hk19-for-mut_epi-202_NNG, ttcaccacccgNNGacggacaagga
hk19-for-mut_epi-206_NNC, ggtacggacaagNNCcaaatctccctgt
hk19-for-mut_epi-206_NNG, ggtacggacaagNNGcaaatctccctgt
hk19-for-mut_epi-208_NNC, ggacaaggaccaaNNCtccctgtatgctc
hk19-for-mut_epi-208_NNG, ggacaaggaccaaNNGtccctgtatgctc
hk19-for-mut_epi-209_NNC, acaaggaccaaatcNNCctgtatgctcaatca
hk19-for-mut_epi-209_NNG, acaaggaccaaatcNNGctgtatgctcaatca
hk19-for-mut_epi-213_NNC, aatctccctgtatgctNNCtcatcaggaagaatca
hk19-for-mut_epi-213_NNG, aatctccctgtatgctNNGtcatcaggaagaatca
hk19-for-mut_epi-214_NNC, tccctgtatgctcaaNNCtcaggaagaatcaca
hk19-for-mut_epi-214_NNG, tccctgtatgctcaaNNGtcaggaagaatcaca
hk19-for-mut_epi-277_NNC, ggggttacttcaaaataNNCagtgggaaaagctcaat
hk19-for-mut_epi-277_NNG, ggggttacttcaaaataNNGagtgggaaaagctcaat
hk19-for-mut_epi-327_NNC, gtcccagatatgttaagNNCaacactctgaaattggc
hk19-for-mut_epi-327_NNG, gtcccagatatgttaagNNGaacactctgaaattggc
hk19-for-mut_epi-342_NNC, cgaaatgtaccagagNNCcaaactagaggcatat
hk19-for-mut_epi-342_NNG, cgaaatgtaccagagNNGcaaactagaggcatat
hk19-for-mut_epi-78_NNC, atcagatccttgatggaNNCaactgcacactaataga
hk19-for-mut_epi-78_NNG, atcagatccttgatggaNNGaactgcacactaataga
hk19-for-mut_epi-99_NNC, ggctttcaaaataagNNCtgggacctttttgttg
hk19-for-mut_epi-99_NNG, ggctttcaaaataagNNGtgggacctttttgttg
hk19-rev-mut_epi-108_NNC, gttgctgtaggcGNNgcttcgttcaac
hk19-rev-mut_epi-108_NNG, gttgctgtaggcCNNgcttcgttcaac
hk19-rev-mut_epi-137_NNC, aattgaagctttcattGNNaaactccagtgtgcc
hk19-rev-mut_epi-137_NNG, aattgaagctttcattCNNaaactccagtgtgcc
hk19-rev-mut_epi-144_NNC, gttttgagtgactccGNNccaattgaagctttc
hk19-rev-mut_epi-144_NNG, gttttgagtgactccCNNccaattgaagctttc
hk19-rev-mut_epi-147_NNC, ttttccgttttgGNNgactccagccc
hk19-rev-mut_epi-147_NNG, ttttccgttttgCNNgactccagccc
hk19-rev-mut_epi-151_NNC, cttatgcaagaaaaactGNNtccgttttgagtgactc
hk19-rev-mut_epi-151_NNG, cttatgcaagaaaaactCNNtccgttttgagtgactc
hk19-rev-mut_epi-154_NNC, ctagatccccttatgcaGNNaaaactttttccgtttt
hk19-rev-mut_epi-154_NNG, ctagatccccttatgcaCNNaaaactttttccgtttt
hk19-rev-mut_epi-158_NNC, ctactaaagaaactactactagaGNNccttatgcaagaaaaactttttc
hk19-rev-mut_epi-158_NNG, ctactaaagaaactactactagaCNNccttatgcaagaaaaactttttc
hk19-rev-mut_epi-160_NNC, aatctactaaagaaactactGNNagatccccttatgcaagaa
hk19-rev-mut_epi-160_NNG, aatctactaaagaaactactCNNagatccccttatgcaagaa
hk19-rev-mut_epi-175_NNC, ttcagtgctggatatgtGNNgtttaaatgggtcaac
hk19-rev-mut_epi-175_NNG, ttcagtgctggatatgtCNNgtttaaatgggtcaac
hk19-rev-mut_epi-176_NNC, cgttcagtgctggataGNNgtagtttaaatgggt
hk19-rev-mut_epi-176_NNG, cgttcagtgctggataCNNgtagtttaaatgggt
hk19-rev-mut_epi-187_NNC, aatttgtcaaattgttcGNNgtttggcatagtcacg
hk19-rev-mut_epi-187_NNG, aatttgtcaaattgttcCNNgtttggcatagtcacg
hk19-rev-mut_epi-202_NNC, tccttgtccgtGNNcgggtggtgaa
hk19-rev-mut_epi-202_NNG, tccttgtccgtCNNcgggtggtgaa
hk19-rev-mut_epi-206_NNC, acagggagatttgGNNcttgtccgtacc
hk19-rev-mut_epi-206_NNG, acagggagatttgCNNcttgtccgtacc
hk19-rev-mut_epi-208_NNC, gagcatacagggaGNNttggtccttgtcc
hk19-rev-mut_epi-208_NNG, gagcatacagggaCNNttggtccttgtcc
hk19-rev-mut_epi-209_NNC, tgattgagcatacagGNNgatttggtccttgt
hk19-rev-mut_epi-209_NNG, tgattgagcatacagCNNgatttggtccttgt
hk19-rev-mut_epi-213_NNC, tgattcttcctgatgaGNNagcatacagggagatt
hk19-rev-mut_epi-213_NNG, tgattcttcctgatgaCNNagcatacagggagatt
hk19-rev-mut_epi-214_NNC, tgtgattcttcctgaGNNttgagcatacaggga
hk19-rev-mut_epi-214_NNG, tgtgattcttcctgaCNNttgagcatacaggga
hk19-rev-mut_epi-277_NNC, attgagcttttcccactGNNtattttgaagtaacccc
hk19-rev-mut_epi-277_NNG, attgagcttttcccactCNNtattttgaagtaacccc
hk19-rev-mut_epi-327_NNC, gccaatttcagagtgttGNNcttaacatatctgggac
hk19-rev-mut_epi-327_NNG, gccaatttcagagtgttCNNcttaacatatctgggac
hk19-rev-mut_epi-342_NNC, atatgcctctagtttgGNNctctggtacatttcg
hk19-rev-mut_epi-342_NNG, atatgcctctagtttgCNNctctggtacatttcg
hk19-rev-mut_epi-78_NNC, tctattagtgtgcagttGNNtccatcaaggatctgat
hk19-rev-mut_epi-78_NNG, tctattagtgtgcagttCNNtccatcaaggatctgat
hk19-rev-mut_epi-99_NNC, caacaaaaaggtcccaGNNcttattttgaaagcc
hk19-rev-mut_epi-99_NNG, caacaaaaaggtcccaCNNcttattttgaaagcc
