ks17-for-mut_epi-108_NNC, gttgaacgaaacNNCgcctacagcaact
ks17-for-mut_epi-108_NNG, gttgaacgaaacNNGgcctacagcaact
ks17-for-mut_epi-137_NNC, ggcacactggagtttNNCaatgaaagcttcaatt
ks17-for-mut_epi-137_NNG, ggcacactggagtttNNGaatgaaagcttcaatt
ks17-for-mut_epi-144_NNC, gaaagcttcaattggNNCggagtcactcaaaac
ks17-for-mut_epi-144_NNG, gaaagcttcaattggNNGggagtcactcaaaac
ks17-for-mut_epi-147_NNC, gggctggagtcNNCcaaaacggaac
ks17-for-mut_epi-147_NNG, gggctggagtcNNGcaaaacggaac
ks17-for-mut_epi-151_NNC, gagtcactcaaaacggaNNCagttcttcttgcataag
ks17-for-mut_epi-151_NNG, gagtcactcaaaacggaNNGagttcttcttgcataag
ks17-for-mut_epi-154_NNC, acggaacaagttctNNCtgcataaggggatc
ks17-for-mut_epi-154_NNG, acggaacaagttctNNGtgcataaggggatc
ks17-for-mut_epi-158_NNC, caagttcttcttgcataaggNNCtctaaaagtagtttctttagt
ks17-for-mut_epi-158_NNG, caagttcttcttgcataaggNNGtctaaaagtagtttctttagt
ks17-for-mut_epi-160_NNC, ttcttgcataaggggatctNNCagtagtttctttagtagatt
ks17-for-mut_epi-160_NNG, ttcttgcataaggggatctNNGagtagtttctttagtagatt
ks17-for-mut_epi-175_NNC, gttgacccacttaaacNNCaaatacccagcattaaa
ks17-for-mut_epi-175_NNG, gttgacccacttaaacNNGaaatacccagcattaaa
ks17-for-mut_epi-176_NNC, acccacttaaactccNNCtacccagcattaaac
ks17-for-mut_epi-176_NNG, acccacttaaactccNNGtacccagcattaaac
ks17-for-mut_epi-187_NNC, cgtgactatgccaaacNNCgaacaatttgacaaatt
ks17-for-mut_epi-187_NNG, cgtgactatgccaaacNNGgaacaatttgacaaatt
ks17-for-mut_epi-202_NNC, ttcaccacccgNNCacggacaagga
ks17-for-mut_epi-202_NNG, ttcaccacccgNNGacggacaagga
ks17-for-mut_epi-206_NNC, ggtacggacaagNNCcaaatctccctgt
ks17-for-mut_epi-206_NNG, ggtacggacaagNNGcaaatctccctgt
ks17-for-mut_epi-208_NNC, ggacaaggaccaaNNCtccctgtatgcac
ks17-for-mut_epi-208_NNG, ggacaaggaccaaNNGtccctgtatgcac
ks17-for-mut_epi-209_NNC, acaaggaccaaatcNNCctgtatgcacaatc
ks17-for-mut_epi-209_NNG, acaaggaccaaatcNNGctgtatgcacaatc
ks17-for-mut_epi-213_NNC, aatctccctgtatgcaNNCtcatcaggaagaatca
ks17-for-mut_epi-213_NNG, aatctccctgtatgcaNNGtcatcaggaagaatca
ks17-for-mut_epi-214_NNC, ccctgtatgcacaaNNCtcaggaagaatcaca
ks17-for-mut_epi-214_NNG, ccctgtatgcacaaNNGtcaggaagaatcaca
ks17-for-mut_epi-277_NNC, ggggttacttcaaaataNNCagtgggaaaagctcaat
ks17-for-mut_epi-277_NNG, ggggttacttcaaaataNNGagtgggaaaagctcaat
ks17-for-mut_epi-327_NNC, tcccagatatgttaagNNCagcactctgaaattgg
ks17-for-mut_epi-327_NNG, tcccagatatgttaagNNGagcactctgaaattgg
ks17-for-mut_epi-342_NNC, cgaaatgtaccagagNNCcaaactagaggcatat
ks17-for-mut_epi-342_NNG, cgaaatgtaccagagNNGcaaactagaggcatat
ks17-for-mut_epi-78_NNC, atcagatccttgatggaNNCaactgcacactaataga
ks17-for-mut_epi-78_NNG, atcagatccttgatggaNNGaactgcacactaataga
ks17-for-mut_epi-99_NNC, ggctttcaaaataagNNCtgggaccttttcgttg
ks17-for-mut_epi-99_NNG, ggctttcaaaataagNNGtgggaccttttcgttg
ks17-rev-mut_epi-108_NNC, agttgctgtaggcGNNgtttcgttcaac
ks17-rev-mut_epi-108_NNG, agttgctgtaggcCNNgtttcgttcaac
ks17-rev-mut_epi-137_NNC, aattgaagctttcattGNNaaactccagtgtgcc
ks17-rev-mut_epi-137_NNG, aattgaagctttcattCNNaaactccagtgtgcc
ks17-rev-mut_epi-144_NNC, gttttgagtgactccGNNccaattgaagctttc
ks17-rev-mut_epi-144_NNG, gttttgagtgactccCNNccaattgaagctttc
ks17-rev-mut_epi-147_NNC, gttccgttttgGNNgactccagccc
ks17-rev-mut_epi-147_NNG, gttccgttttgCNNgactccagccc
ks17-rev-mut_epi-151_NNC, cttatgcaagaagaactGNNtccgttttgagtgactc
ks17-rev-mut_epi-151_NNG, cttatgcaagaagaactCNNtccgttttgagtgactc
ks17-rev-mut_epi-154_NNC, gatccccttatgcaGNNagaacttgttccgt
ks17-rev-mut_epi-154_NNG, gatccccttatgcaCNNagaacttgttccgt
ks17-rev-mut_epi-158_NNC, actaaagaaactacttttagaGNNccttatgcaagaagaacttg
ks17-rev-mut_epi-158_NNG, actaaagaaactacttttagaCNNccttatgcaagaagaacttg
ks17-rev-mut_epi-160_NNC, aatctactaaagaaactactGNNagatccccttatgcaagaa
ks17-rev-mut_epi-160_NNG, aatctactaaagaaactactCNNagatccccttatgcaagaa
ks17-rev-mut_epi-175_NNC, tttaatgctgggtatttGNNgtttaagtgggtcaac
ks17-rev-mut_epi-175_NNG, tttaatgctgggtatttCNNgtttaagtgggtcaac
ks17-rev-mut_epi-176_NNC, gtttaatgctgggtaGNNggagtttaagtgggt
ks17-rev-mut_epi-176_NNG, gtttaatgctgggtaCNNggagtttaagtgggt
ks17-rev-mut_epi-187_NNC, aatttgtcaaattgttcGNNgtttggcatagtcacg
ks17-rev-mut_epi-187_NNG, aatttgtcaaattgttcCNNgtttggcatagtcacg
ks17-rev-mut_epi-202_NNC, tccttgtccgtGNNcgggtggtgaa
ks17-rev-mut_epi-202_NNG, tccttgtccgtCNNcgggtggtgaa
ks17-rev-mut_epi-206_NNC, acagggagatttgGNNcttgtccgtacc
ks17-rev-mut_epi-206_NNG, acagggagatttgCNNcttgtccgtacc
ks17-rev-mut_epi-208_NNC, gtgcatacagggaGNNttggtccttgtcc
ks17-rev-mut_epi-208_NNG, gtgcatacagggaCNNttggtccttgtcc
ks17-rev-mut_epi-209_NNC, gattgtgcatacagGNNgatttggtccttgt
ks17-rev-mut_epi-209_NNG, gattgtgcatacagCNNgatttggtccttgt
ks17-rev-mut_epi-213_NNC, tgattcttcctgatgaGNNtgcatacagggagatt
ks17-rev-mut_epi-213_NNG, tgattcttcctgatgaCNNtgcatacagggagatt
ks17-rev-mut_epi-214_NNC, tgtgattcttcctgaGNNttgtgcatacaggg
ks17-rev-mut_epi-214_NNG, tgtgattcttcctgaCNNttgtgcatacaggg
ks17-rev-mut_epi-277_NNC, attgagcttttcccactGNNtattttgaagtaacccc
ks17-rev-mut_epi-277_NNG, attgagcttttcccactCNNtattttgaagtaacccc
ks17-rev-mut_epi-327_NNC, ccaatttcagagtgctGNNcttaacatatctggga
ks17-rev-mut_epi-327_NNG, ccaatttcagagtgctCNNcttaacatatctggga
ks17-rev-mut_epi-342_NNC, atatgcctctagtttgGNNctctggtacatttcg
ks17-rev-mut_epi-342_NNG, atatgcctctagtttgCNNctctggtacatttcg
ks17-rev-mut_epi-78_NNC, tctattagtgtgcagttGNNtccatcaaggatctgat
ks17-rev-mut_epi-78_NNG, tctattagtgtgcagttCNNtccatcaaggatctgat
ks17-rev-mut_epi-99_NNC, caacgaaaaggtcccaGNNcttattttgaaagcc
ks17-rev-mut_epi-99_NNG, caacgaaaaggtcccaCNNcttattttgaaagcc
