Pool_name,Sequence
ks17-for-paired-epi-pool, ctggagtcNNCcaaaacggaNNCagttcttct
ks17-for-paired-epi-pool, ctggagtcNNCcaaaacggaNNGagttcttct
ks17-for-paired-epi-pool, ctggagtcNNGcaaaacggaNNGagttcttct
ks17-for-paired-epi-pool, ctggagtcNNGcaaaacggaNNCagttcttct
ks17-for-paired-epi-pool, caaaacggaNNCagttctNNCtgcataagggg
ks17-for-paired-epi-pool, caaaacggaNNCagttctNNGtgcataagggg
ks17-for-paired-epi-pool, caaaacggaNNGagttctNNGtgcataagggg
ks17-for-paired-epi-pool, caaaacggaNNGagttctNNCtgcataagggg
ks17-for-paired-epi-pool, gaacaagttctNNCtgcataaggNNCtctaaaagtagt
ks17-for-paired-epi-pool, gaacaagttctNNCtgcataaggNNGtctaaaagtagt
ks17-for-paired-epi-pool, gaacaagttctNNGtgcataaggNNGtctaaaagtagt
ks17-for-paired-epi-pool, gaacaagttctNNGtgcataaggNNCtctaaaagtagt
ks17-for-paired-epi-pool, caagttctNNCtgcataaggggatctNNCagtagtttct
ks17-for-paired-epi-pool, caagttctNNCtgcataaggggatctNNGagtagtttct
ks17-for-paired-epi-pool, caagttctNNGtgcataaggggatctNNGagtagtttct
ks17-for-paired-epi-pool, caagttctNNGtgcataaggggatctNNCagtagtttct
ks17-for-paired-epi-pool, ttcttcttgcataaggNNCtctNNCagtagtttctttagtaga
ks17-for-paired-epi-pool, ttcttcttgcataaggNNCtctNNGagtagtttctttagtaga
ks17-for-paired-epi-pool, ttcttcttgcataaggNNGtctNNGagtagtttctttagtaga
ks17-for-paired-epi-pool, ttcttcttgcataaggNNGtctNNCagtagtttctttagtaga
ks17-for-paired-epi-pool, tgacccacttaaacNNCNNCtacccagcattaaac
ks17-for-paired-epi-pool, tgacccacttaaacNNCNNGtacccagcattaaac
ks17-for-paired-epi-pool, tgacccacttaaacNNGNNGtacccagcattaaac
ks17-for-paired-epi-pool, tgacccacttaaacNNGNNCtacccagcattaaac
ks17-for-paired-epi-pool, acggacaagNNCcaaNNCtccctgtatg
ks17-for-paired-epi-pool, acggacaagNNCcaaNNGtccctgtatg
ks17-for-paired-epi-pool, acggacaagNNGcaaNNGtccctgtatg
ks17-for-paired-epi-pool, acggacaagNNGcaaNNCtccctgtatg
ks17-for-paired-epi-pool, acaaggaccaaNNCNNCctgtatgcacaa
ks17-for-paired-epi-pool, acaaggaccaaNNCNNGctgtatgcacaa
ks17-for-paired-epi-pool, acaaggaccaaNNGNNGctgtatgcacaa
ks17-for-paired-epi-pool, acaaggaccaaNNGNNCctgtatgcacaa
ks17-for-paired-epi-pool, tccctgtatgcaNNCNNCtcaggaagaatcac
ks17-for-paired-epi-pool, tccctgtatgcaNNCNNGtcaggaagaatcac
ks17-for-paired-epi-pool, tccctgtatgcaNNGNNGtcaggaagaatcac
ks17-for-paired-epi-pool, tccctgtatgcaNNGNNCtcaggaagaatcac
ks17-rev-paired-epi-pool, agaagaactGNNtccgttttgGNNgactccag
ks17-rev-paired-epi-pool, agaagaactCNNtccgttttgGNNgactccag
ks17-rev-paired-epi-pool, agaagaactCNNtccgttttgCNNgactccag
ks17-rev-paired-epi-pool, agaagaactGNNtccgttttgCNNgactccag
ks17-rev-paired-epi-pool, ccccttatgcaGNNagaactGNNtccgttttg
ks17-rev-paired-epi-pool, ccccttatgcaCNNagaactGNNtccgttttg
ks17-rev-paired-epi-pool, ccccttatgcaCNNagaactCNNtccgttttg
ks17-rev-paired-epi-pool, ccccttatgcaGNNagaactCNNtccgttttg
ks17-rev-paired-epi-pool, actacttttagaGNNccttatgcaGNNagaacttgttc
ks17-rev-paired-epi-pool, actacttttagaCNNccttatgcaGNNagaacttgttc
ks17-rev-paired-epi-pool, actacttttagaCNNccttatgcaCNNagaacttgttc
ks17-rev-paired-epi-pool, actacttttagaGNNccttatgcaCNNagaacttgttc
ks17-rev-paired-epi-pool, agaaactactGNNagatccccttatgcaGNNagaacttg
ks17-rev-paired-epi-pool, agaaactactCNNagatccccttatgcaGNNagaacttg
ks17-rev-paired-epi-pool, agaaactactCNNagatccccttatgcaCNNagaacttg
ks17-rev-paired-epi-pool, agaaactactGNNagatccccttatgcaCNNagaacttg
ks17-rev-paired-epi-pool, tctactaaagaaactactGNNagaGNNccttatgcaagaagaa
ks17-rev-paired-epi-pool, tctactaaagaaactactCNNagaGNNccttatgcaagaagaa
ks17-rev-paired-epi-pool, tctactaaagaaactactCNNagaCNNccttatgcaagaagaa
ks17-rev-paired-epi-pool, tctactaaagaaactactGNNagaCNNccttatgcaagaagaa
ks17-rev-paired-epi-pool, gtttaatgctgggtaGNNGNNgtttaagtgggtca
ks17-rev-paired-epi-pool, gtttaatgctgggtaCNNGNNgtttaagtgggtca
ks17-rev-paired-epi-pool, gtttaatgctgggtaCNNCNNgtttaagtgggtca
ks17-rev-paired-epi-pool, gtttaatgctgggtaGNNCNNgtttaagtgggtca
ks17-rev-paired-epi-pool, catacagggaGNNttgGNNcttgtccgt
ks17-rev-paired-epi-pool, catacagggaCNNttgGNNcttgtccgt
ks17-rev-paired-epi-pool, catacagggaCNNttgCNNcttgtccgt
ks17-rev-paired-epi-pool, catacagggaGNNttgCNNcttgtccgt
ks17-rev-paired-epi-pool, ttgtgcatacagGNNGNNttggtccttgt
ks17-rev-paired-epi-pool, ttgtgcatacagCNNGNNttggtccttgt
ks17-rev-paired-epi-pool, ttgtgcatacagCNNCNNttggtccttgt
ks17-rev-paired-epi-pool, ttgtgcatacagGNNCNNttggtccttgt
ks17-rev-paired-epi-pool, gtgattcttcctgaGNNGNNtgcatacaggga
ks17-rev-paired-epi-pool, gtgattcttcctgaCNNGNNtgcatacaggga
ks17-rev-paired-epi-pool, gtgattcttcctgaCNNCNNtgcatacaggga
ks17-rev-paired-epi-pool, gtgattcttcctgaGNNCNNtgcatacaggga
