ks17-for-mut_epi-147-151_NNC, ctggagtcNNCcaaaacggaNNCagttcttct
ks17-for-mut_epi-147-151_NNC_NNG, ctggagtcNNCcaaaacggaNNGagttcttct
ks17-for-mut_epi-147-151_NNG, ctggagtcNNGcaaaacggaNNGagttcttct
ks17-for-mut_epi-147-151_NNG_NNC, ctggagtcNNGcaaaacggaNNCagttcttct
ks17-for-mut_epi-151-154_NNC, caaaacggaNNCagttctNNCtgcataagggg
ks17-for-mut_epi-151-154_NNC_NNG, caaaacggaNNCagttctNNGtgcataagggg
ks17-for-mut_epi-151-154_NNG, caaaacggaNNGagttctNNGtgcataagggg
ks17-for-mut_epi-151-154_NNG_NNC, caaaacggaNNGagttctNNCtgcataagggg
ks17-for-mut_epi-154-158_NNC, gaacaagttctNNCtgcataaggNNCtctaaaagtagt
ks17-for-mut_epi-154-158_NNC_NNG, gaacaagttctNNCtgcataaggNNGtctaaaagtagt
ks17-for-mut_epi-154-158_NNG, gaacaagttctNNGtgcataaggNNGtctaaaagtagt
ks17-for-mut_epi-154-158_NNG_NNC, gaacaagttctNNGtgcataaggNNCtctaaaagtagt
ks17-for-mut_epi-154-160_NNC, caagttctNNCtgcataaggggatctNNCagtagtttct
ks17-for-mut_epi-154-160_NNC_NNG, caagttctNNCtgcataaggggatctNNGagtagtttct
ks17-for-mut_epi-154-160_NNG, caagttctNNGtgcataaggggatctNNGagtagtttct
ks17-for-mut_epi-154-160_NNG_NNC, caagttctNNGtgcataaggggatctNNCagtagtttct
ks17-for-mut_epi-158-160_NNC, ttcttcttgcataaggNNCtctNNCagtagtttctttagtaga
ks17-for-mut_epi-158-160_NNC_NNG, ttcttcttgcataaggNNCtctNNGagtagtttctttagtaga
ks17-for-mut_epi-158-160_NNG, ttcttcttgcataaggNNGtctNNGagtagtttctttagtaga
ks17-for-mut_epi-158-160_NNG_NNC, ttcttcttgcataaggNNGtctNNCagtagtttctttagtaga
ks17-for-mut_epi-175-176_NNC, tgacccacttaaacNNCNNCtacccagcattaaac
ks17-for-mut_epi-175-176_NNC_NNG, tgacccacttaaacNNCNNGtacccagcattaaac
ks17-for-mut_epi-175-176_NNG, tgacccacttaaacNNGNNGtacccagcattaaac
ks17-for-mut_epi-175-176_NNG_NNC, tgacccacttaaacNNGNNCtacccagcattaaac
ks17-for-mut_epi-206-208_NNC, acggacaagNNCcaaNNCtccctgtatg
ks17-for-mut_epi-206-208_NNC_NNG, acggacaagNNCcaaNNGtccctgtatg
ks17-for-mut_epi-206-208_NNG, acggacaagNNGcaaNNGtccctgtatg
ks17-for-mut_epi-206-208_NNG_NNC, acggacaagNNGcaaNNCtccctgtatg
ks17-for-mut_epi-208-209_NNC, acaaggaccaaNNCNNCctgtatgcacaa
ks17-for-mut_epi-208-209_NNC_NNG, acaaggaccaaNNCNNGctgtatgcacaa
ks17-for-mut_epi-208-209_NNG, acaaggaccaaNNGNNGctgtatgcacaa
ks17-for-mut_epi-208-209_NNG_NNC, acaaggaccaaNNGNNCctgtatgcacaa
ks17-for-mut_epi-213-214_NNC, tccctgtatgcaNNCNNCtcaggaagaatcac
ks17-for-mut_epi-213-214_NNC_NNG, tccctgtatgcaNNCNNGtcaggaagaatcac
ks17-for-mut_epi-213-214_NNG, tccctgtatgcaNNGNNGtcaggaagaatcac
ks17-for-mut_epi-213-214_NNG_NNC, tccctgtatgcaNNGNNCtcaggaagaatcac
ks17-rev-mut_epi-147-151_NNC, agaagaactGNNtccgttttgGNNgactccag
ks17-rev-mut_epi-147-151_NNC_NNG, agaagaactCNNtccgttttgGNNgactccag
ks17-rev-mut_epi-147-151_NNG, agaagaactCNNtccgttttgCNNgactccag
ks17-rev-mut_epi-147-151_NNG_NNC, agaagaactGNNtccgttttgCNNgactccag
ks17-rev-mut_epi-151-154_NNC, ccccttatgcaGNNagaactGNNtccgttttg
ks17-rev-mut_epi-151-154_NNC_NNG, ccccttatgcaCNNagaactGNNtccgttttg
ks17-rev-mut_epi-151-154_NNG, ccccttatgcaCNNagaactCNNtccgttttg
ks17-rev-mut_epi-151-154_NNG_NNC, ccccttatgcaGNNagaactCNNtccgttttg
ks17-rev-mut_epi-154-158_NNC, actacttttagaGNNccttatgcaGNNagaacttgttc
ks17-rev-mut_epi-154-158_NNC_NNG, actacttttagaCNNccttatgcaGNNagaacttgttc
ks17-rev-mut_epi-154-158_NNG, actacttttagaCNNccttatgcaCNNagaacttgttc
ks17-rev-mut_epi-154-158_NNG_NNC, actacttttagaGNNccttatgcaCNNagaacttgttc
ks17-rev-mut_epi-154-160_NNC, agaaactactGNNagatccccttatgcaGNNagaacttg
ks17-rev-mut_epi-154-160_NNC_NNG, agaaactactCNNagatccccttatgcaGNNagaacttg
ks17-rev-mut_epi-154-160_NNG, agaaactactCNNagatccccttatgcaCNNagaacttg
ks17-rev-mut_epi-154-160_NNG_NNC, agaaactactGNNagatccccttatgcaCNNagaacttg
ks17-rev-mut_epi-158-160_NNC, tctactaaagaaactactGNNagaGNNccttatgcaagaagaa
ks17-rev-mut_epi-158-160_NNC_NNG, tctactaaagaaactactCNNagaGNNccttatgcaagaagaa
ks17-rev-mut_epi-158-160_NNG, tctactaaagaaactactCNNagaCNNccttatgcaagaagaa
ks17-rev-mut_epi-158-160_NNG_NNC, tctactaaagaaactactGNNagaCNNccttatgcaagaagaa
ks17-rev-mut_epi-175-176_NNC, gtttaatgctgggtaGNNGNNgtttaagtgggtca
ks17-rev-mut_epi-175-176_NNC_NNG, gtttaatgctgggtaCNNGNNgtttaagtgggtca
ks17-rev-mut_epi-175-176_NNG, gtttaatgctgggtaCNNCNNgtttaagtgggtca
ks17-rev-mut_epi-175-176_NNG_NNC, gtttaatgctgggtaGNNCNNgtttaagtgggtca
ks17-rev-mut_epi-206-208_NNC, catacagggaGNNttgGNNcttgtccgt
ks17-rev-mut_epi-206-208_NNC_NNG, catacagggaCNNttgGNNcttgtccgt
ks17-rev-mut_epi-206-208_NNG, catacagggaCNNttgCNNcttgtccgt
ks17-rev-mut_epi-206-208_NNG_NNC, catacagggaGNNttgCNNcttgtccgt
ks17-rev-mut_epi-208-209_NNC, ttgtgcatacagGNNGNNttggtccttgt
ks17-rev-mut_epi-208-209_NNC_NNG, ttgtgcatacagCNNGNNttggtccttgt
ks17-rev-mut_epi-208-209_NNG, ttgtgcatacagCNNCNNttggtccttgt
ks17-rev-mut_epi-208-209_NNG_NNC, ttgtgcatacagGNNCNNttggtccttgt
ks17-rev-mut_epi-213-214_NNC, gtgattcttcctgaGNNGNNtgcatacaggga
ks17-rev-mut_epi-213-214_NNC_NNG, gtgattcttcctgaCNNGNNtgcatacaggga
ks17-rev-mut_epi-213-214_NNG, gtgattcttcctgaCNNCNNtgcatacaggga
ks17-rev-mut_epi-213-214_NNG_NNC, gtgattcttcctgaGNNCNNtgcatacaggga
