hk19-for-mut_epi-147-151_NNC, gctggagtcNNCcaaaacggaNNCagtttttctt
hk19-for-mut_epi-147-151_NNC_NNG, gctggagtcNNCcaaaacggaNNGagtttttctt
hk19-for-mut_epi-147-151_NNG, gctggagtcNNGcaaaacggaNNGagtttttctt
hk19-for-mut_epi-147-151_NNG_NNC, gctggagtcNNGcaaaacggaNNCagtttttctt
hk19-for-mut_epi-151-154_NNC, tcaaaacggaNNCagttttNNCtgcataagggga
hk19-for-mut_epi-151-154_NNC_NNG, tcaaaacggaNNCagttttNNGtgcataagggga
hk19-for-mut_epi-151-154_NNG, tcaaaacggaNNGagttttNNGtgcataagggga
hk19-for-mut_epi-151-154_NNG_NNC, tcaaaacggaNNGagttttNNCtgcataagggga
hk19-for-mut_epi-154-158_NNC, ggaaaaagttttNNCtgcataaggNNCtctagtagtagtt
hk19-for-mut_epi-154-158_NNC_NNG, ggaaaaagttttNNCtgcataaggNNGtctagtagtagtt
hk19-for-mut_epi-154-158_NNG, ggaaaaagttttNNGtgcataaggNNGtctagtagtagtt
hk19-for-mut_epi-154-158_NNG_NNC, ggaaaaagttttNNGtgcataaggNNCtctagtagtagtt
hk19-for-mut_epi-154-160_NNC, gaaaaagttttNNCtgcataaggggatctNNCagtagtttcttt
hk19-for-mut_epi-154-160_NNC_NNG, gaaaaagttttNNCtgcataaggggatctNNGagtagtttcttt
hk19-for-mut_epi-154-160_NNG, gaaaaagttttNNGtgcataaggggatctNNGagtagtttcttt
hk19-for-mut_epi-154-160_NNG_NNC, gaaaaagttttNNGtgcataaggggatctNNCagtagtttcttt
hk19-for-mut_epi-158-160_NNC, gtttttcttgcataaggNNCtctNNCagtagtttctttagtaga
hk19-for-mut_epi-158-160_NNC_NNG, gtttttcttgcataaggNNCtctNNGagtagtttctttagtaga
hk19-for-mut_epi-158-160_NNG, gtttttcttgcataaggNNGtctNNGagtagtttctttagtaga
hk19-for-mut_epi-158-160_NNG_NNC, gtttttcttgcataaggNNGtctNNCagtagtttctttagtaga
hk19-for-mut_epi-175-176_NNC, tgacccatttaaacNNCNNCtatccagcactgaac
hk19-for-mut_epi-175-176_NNC_NNG, tgacccatttaaacNNCNNGtatccagcactgaac
hk19-for-mut_epi-175-176_NNG, tgacccatttaaacNNGNNGtatccagcactgaac
hk19-for-mut_epi-175-176_NNG_NNC, tgacccatttaaacNNGNNCtatccagcactgaac
hk19-for-mut_epi-206-208_NNC, acggacaagNNCcaaNNCtccctgtatg
hk19-for-mut_epi-206-208_NNC_NNG, acggacaagNNCcaaNNGtccctgtatg
hk19-for-mut_epi-206-208_NNG, acggacaagNNGcaaNNGtccctgtatg
hk19-for-mut_epi-206-208_NNG_NNC, acggacaagNNGcaaNNCtccctgtatg
hk19-for-mut_epi-208-209_NNC, gacaaggaccaaNNCNNCctgtatgctcaat
hk19-for-mut_epi-208-209_NNC_NNG, gacaaggaccaaNNCNNGctgtatgctcaat
hk19-for-mut_epi-208-209_NNG, gacaaggaccaaNNGNNGctgtatgctcaat
hk19-for-mut_epi-208-209_NNG_NNC, gacaaggaccaaNNGNNCctgtatgctcaat
hk19-for-mut_epi-209-213_NNC, accaaatcNNCctgtatgctNNCtcatcagga
hk19-for-mut_epi-209-213_NNC_NNG, accaaatcNNCctgtatgctNNGtcatcagga
hk19-for-mut_epi-209-213_NNG, accaaatcNNGctgtatgctNNGtcatcagga
hk19-for-mut_epi-209-213_NNG_NNC, accaaatcNNGctgtatgctNNCtcatcagga
hk19-for-mut_epi-213-214_NNC, ctccctgtatgctNNCNNCtcaggaagaatcac
hk19-for-mut_epi-213-214_NNC_NNG, ctccctgtatgctNNCNNGtcaggaagaatcac
hk19-for-mut_epi-213-214_NNG, ctccctgtatgctNNGNNGtcaggaagaatcac
hk19-for-mut_epi-213-214_NNG_NNC, ctccctgtatgctNNGNNCtcaggaagaatcac
hk19-rev-mut_epi-147-151_NNC, aagaaaaactGNNtccgttttgGNNgactccagc
hk19-rev-mut_epi-147-151_NNC_NNG, aagaaaaactCNNtccgttttgGNNgactccagc
hk19-rev-mut_epi-147-151_NNG, aagaaaaactCNNtccgttttgCNNgactccagc
hk19-rev-mut_epi-147-151_NNG_NNC, aagaaaaactGNNtccgttttgCNNgactccagc
hk19-rev-mut_epi-151-154_NNC, tccccttatgcaGNNaaaactGNNtccgttttga
hk19-rev-mut_epi-151-154_NNC_NNG, tccccttatgcaCNNaaaactGNNtccgttttga
hk19-rev-mut_epi-151-154_NNG, tccccttatgcaCNNaaaactCNNtccgttttga
hk19-rev-mut_epi-151-154_NNG_NNC, tccccttatgcaGNNaaaactCNNtccgttttga
hk19-rev-mut_epi-154-158_NNC, aactactactagaGNNccttatgcaGNNaaaactttttcc
hk19-rev-mut_epi-154-158_NNC_NNG, aactactactagaCNNccttatgcaGNNaaaactttttcc
hk19-rev-mut_epi-154-158_NNG, aactactactagaCNNccttatgcaCNNaaaactttttcc
hk19-rev-mut_epi-154-158_NNG_NNC, aactactactagaGNNccttatgcaCNNaaaactttttcc
hk19-rev-mut_epi-154-160_NNC, aaagaaactactGNNagatccccttatgcaGNNaaaactttttc
hk19-rev-mut_epi-154-160_NNC_NNG, aaagaaactactCNNagatccccttatgcaGNNaaaactttttc
hk19-rev-mut_epi-154-160_NNG, aaagaaactactCNNagatccccttatgcaCNNaaaactttttc
hk19-rev-mut_epi-154-160_NNG_NNC, aaagaaactactGNNagatccccttatgcaCNNaaaactttttc
hk19-rev-mut_epi-158-160_NNC, tctactaaagaaactactGNNagaGNNccttatgcaagaaaaac
hk19-rev-mut_epi-158-160_NNC_NNG, tctactaaagaaactactCNNagaGNNccttatgcaagaaaaac
hk19-rev-mut_epi-158-160_NNG, tctactaaagaaactactCNNagaCNNccttatgcaagaaaaac
hk19-rev-mut_epi-158-160_NNG_NNC, tctactaaagaaactactGNNagaCNNccttatgcaagaaaaac
hk19-rev-mut_epi-175-176_NNC, gttcagtgctggataGNNGNNgtttaaatgggtca
hk19-rev-mut_epi-175-176_NNC_NNG, gttcagtgctggataCNNGNNgtttaaatgggtca
hk19-rev-mut_epi-175-176_NNG, gttcagtgctggataCNNCNNgtttaaatgggtca
hk19-rev-mut_epi-175-176_NNG_NNC, gttcagtgctggataGNNCNNgtttaaatgggtca
hk19-rev-mut_epi-206-208_NNC, catacagggaGNNttgGNNcttgtccgt
hk19-rev-mut_epi-206-208_NNC_NNG, catacagggaCNNttgGNNcttgtccgt
hk19-rev-mut_epi-206-208_NNG, catacagggaCNNttgCNNcttgtccgt
hk19-rev-mut_epi-206-208_NNG_NNC, catacagggaGNNttgCNNcttgtccgt
hk19-rev-mut_epi-208-209_NNC, attgagcatacagGNNGNNttggtccttgtc
hk19-rev-mut_epi-208-209_NNC_NNG, attgagcatacagCNNGNNttggtccttgtc
hk19-rev-mut_epi-208-209_NNG, attgagcatacagCNNCNNttggtccttgtc
hk19-rev-mut_epi-208-209_NNG_NNC, attgagcatacagGNNCNNttggtccttgtc
hk19-rev-mut_epi-209-213_NNC, tcctgatgaGNNagcatacagGNNgatttggt
hk19-rev-mut_epi-209-213_NNC_NNG, tcctgatgaCNNagcatacagGNNgatttggt
hk19-rev-mut_epi-209-213_NNG, tcctgatgaCNNagcatacagCNNgatttggt
hk19-rev-mut_epi-209-213_NNG_NNC, tcctgatgaGNNagcatacagCNNgatttggt
hk19-rev-mut_epi-213-214_NNC, gtgattcttcctgaGNNGNNagcatacagggag
hk19-rev-mut_epi-213-214_NNC_NNG, gtgattcttcctgaCNNGNNagcatacagggag
hk19-rev-mut_epi-213-214_NNG, gtgattcttcctgaCNNCNNagcatacagggag
hk19-rev-mut_epi-213-214_NNG_NNC, gtgattcttcctgaGNNCNNagcatacagggag
